"id","promedio_previo","asistencia_pct","horas_estudio","materias_reprobadas","beca","trabaja","nivel_socioeconomico","abandono"
1,14.8,83.3,4.9,0,"No","No","Alto","No"
2,14.1,78,13.3,0,"No","No","Medio","No"
3,13.4,69.5,9.4,0,"Si","Si","Bajo","No"
4,12.9,74.5,10.1,1,"No","Si","Bajo","Si"
5,18.5,79.1,6.8,2,"Si","No","Bajo","No"
6,12.8,87.5,5.6,2,"No","Si","Bajo","No"
7,14.7,69.1,12,0,"No","No","Medio","No"
8,12,74.2,6.8,0,"No","No","Medio","Si"
9,15.2,74.9,3.2,0,"No","No","Alto","No"
10,15.7,82.4,6.2,0,"No","Si","Medio","No"
11,14,83.7,7.3,1,"No","No","Alto","Si"
12,13.4,78.3,6,1,"Si","No","Alto","No"
13,11.4,70.1,6.4,2,"Si","No","Bajo","Si"
14,9.6,74.2,9.8,1,"No","No","Bajo","Si"
15,8.7,84.6,6.2,1,"Si","No","Medio","No"
16,14.8,49.5,11.8,1,"No","No","Alto","Si"
17,12.6,79.9,7.7,2,"Si","Si","Medio","Si"
18,13.8,66.2,9.2,2,"No","Si","Alto","Si"
19,13,95.5,10,0,"No","Si","Medio","No"
20,16.6,81.9,6.7,0,"Si","No","Medio","No"
21,9.4,82.1,7.6,4,"No","No","Medio","No"
22,12.4,55.3,6.8,1,"No","No","Medio","Si"
23,16.1,94.3,5.4,2,"Si","No","Bajo","No"
24,14.5,88.2,9.3,0,"Si","Si","Alto","No"
25,16.5,78.6,11.8,0,"No","No","Bajo","Si"
26,15.1,71.3,8.1,0,"No","No","Medio","Si"
27,13.1,72.4,7.8,0,"No","Si","Bajo","Si"
28,13.5,92.9,2.9,0,"Si","No","Alto","No"
29,15.1,88.8,12.9,0,"No","Si","Medio","No"
30,11.7,87.1,13.1,2,"No","No","Medio","No"
31,16.9,83.9,8.6,0,"No","No","Medio","Si"
32,13.9,74.5,2,2,"No","Si","Medio","No"
33,15.3,75.2,12.5,0,"No","No","Medio","No"
34,13.9,87.9,6.5,0,"Si","No","Alto","No"
35,13.5,66.6,10.5,0,"No","Si","Bajo","Si"
36,17,74.5,20.3,0,"No","No","Bajo","No"
37,12.4,79.4,5.1,2,"Si","Si","Medio","Si"
38,13,84.7,14.6,0,"No","Si","Alto","No"
39,15.8,66.5,20,0,"No","Si","Medio","No"
40,14.3,79.1,8.5,0,"No","Si","Bajo","No"
41,9.8,100,10.3,0,"Si","Si","Alto","No"
42,15.9,58.2,9.9,0,"No","No","Alto","No"
43,12.4,60.3,6.3,1,"No","No","Bajo","Si"
44,13.7,76.5,8.4,0,"No","No","Medio","Si"
45,11.5,92.9,3,1,"No","No","Alto","No"
46,12.5,81.8,5.5,0,"Si","No","Medio","No"
47,12.4,65.1,6.3,0,"No","No","Medio","No"
48,10.8,82.8,2.8,2,"No","No","Medio","Si"
49,14,83.3,15.2,1,"No","No","Bajo","No"
50,9.4,72.8,8.6,1,"No","Si","Bajo","Si"
51,14.6,66.5,8.2,1,"No","Si","Medio","Si"
52,14.1,94.4,5.1,0,"No","Si","Bajo","Si"
53,11.8,77.2,9.3,3,"No","Si","Bajo","Si"
54,11.7,89.6,8.8,2,"No","No","Bajo","No"
55,12.3,78.9,9.5,0,"No","Si","Bajo","No"
56,16,74.8,14.8,0,"No","Si","Bajo","No"
57,19,84.5,1.8,0,"Si","Si","Medio","Si"
58,12.7,73.5,6.8,1,"No","No","Medio","No"
59,13.4,66.1,19.7,2,"No","No","Bajo","No"
60,12.3,86.6,8.6,1,"Si","No","Medio","No"
61,13.8,100,6,1,"No","No","Medio","Si"
62,13.5,62.6,17.5,0,"Si","Si","Medio","No"
63,12,71.5,9.6,1,"No","Si","Medio","Si"
64,15.7,65.9,8.2,1,"No","Si","Bajo","No"
65,12.6,86.6,4.2,0,"No","No","Medio","No"
66,11,96.4,13.5,1,"Si","Si","Alto","Si"
67,12.5,100,8.1,0,"No","No","Alto","No"
68,16.9,84.3,20.1,0,"No","No","Bajo","No"
69,12.6,71,6.8,0,"Si","No","Medio","Si"
70,13.3,83.8,19.2,0,"No","No","Medio","No"
71,14,75.8,6.8,0,"No","No","Bajo","Si"
72,13.2,81.3,2.9,0,"No","Si","Medio","Si"
73,13.4,100,13,0,"No","Si","Bajo","No"
74,13.1,91,9.6,0,"No","No","Medio","No"
75,16.9,77.2,12.3,1,"Si","Si","Medio","No"
76,14.9,100,9.8,0,"No","No","Bajo","No"
77,15.6,94.7,18.2,0,"No","Si","Medio","No"
78,11.4,81.3,12.8,0,"No","No","Medio","No"
79,16.7,80.6,7.7,0,"Si","No","Bajo","No"
80,12.5,91.1,10.8,0,"Si","No","Medio","No"
81,14.2,69.4,19.5,0,"No","No","Medio","Si"
82,13,82,4.3,0,"Si","Si","Medio","Si"
83,14,74.4,11,0,"Si","No","Bajo","No"
84,15.9,68.2,12.1,0,"No","No","Medio","No"
85,11.7,65.9,5.2,3,"Si","Si","Bajo","Si"
86,16.3,96.7,16.3,1,"No","No","Bajo","No"
87,13.2,70.6,10.3,0,"No","No","Alto","No"
88,12.1,85.9,9.4,0,"No","Si","Medio","No"
89,14.8,89.3,13.1,2,"Si","No","Medio","No"
90,13.2,88.9,10.8,3,"No","No","Alto","No"
91,12.4,74.9,19.1,1,"Si","No","Bajo","No"
92,10.9,62.8,3.5,3,"No","Si","Alto","Si"
93,14.2,99.4,7.6,1,"No","No","Bajo","No"
94,17.8,90.4,5,0,"No","No","Medio","No"
95,10,90.7,9.9,2,"No","No","Bajo","Si"
96,10.6,92.8,7.8,2,"No","No","Medio","Si"
97,16.4,78.3,6.8,1,"No","Si","Bajo","Si"
98,14.3,81.2,10.1,0,"No","Si","Bajo","No"
99,10.3,87.8,14.8,1,"No","No","Alto","No"
100,14,100,11,1,"No","No","Bajo","No"
101,12.6,100,8.5,0,"Si","No","Medio","No"
102,15.2,100,8.5,2,"No","No","Bajo","Si"
103,12.5,61,5.2,0,"Si","Si","Medio","No"
104,16.7,66.9,3,0,"No","No","Bajo","No"
105,13.1,100,5.2,0,"No","Si","Medio","No"
106,12.3,72.3,13.1,0,"No","Si","Alto","No"
107,13.8,72,16.6,1,"No","No","Medio","No"
108,13.7,90.2,4.5,0,"No","No","Medio","No"
109,13,91.6,6.5,0,"Si","Si","Medio","No"
110,12.4,92.5,6.6,0,"No","Si","Alto","No"
111,14.3,80.2,15.6,0,"No","No","Medio","No"
112,14.9,82.3,7.4,3,"No","No","Bajo","No"
113,13.5,97.8,22.2,1,"No","No","Alto","No"
114,13.7,79.7,24.4,0,"No","No","Medio","Si"
115,10.8,72.4,4.6,2,"No","Si","Medio","No"
116,13.4,83.7,16,1,"No","Si","Alto","No"
117,8,74.8,10.6,6,"No","No","Alto","Si"
118,13.2,47.8,8.1,0,"No","Si","Medio","Si"
119,14.5,89.1,5.6,1,"Si","Si","Bajo","Si"
120,16.1,84.5,9.4,2,"No","Si","Medio","No"
121,16.6,79.7,7.9,1,"Si","No","Alto","No"
122,14.5,58.8,11.2,0,"No","No","Medio","Si"
123,12.4,73.4,9,0,"No","No","Alto","No"
124,16.1,90.5,16.5,1,"No","Si","Medio","No"
125,15.5,78,16.6,1,"Si","No","Bajo","No"
126,14.7,88.8,6.8,0,"No","No","Medio","No"
127,13.3,100,8.3,0,"Si","No","Bajo","No"
128,15.8,81.4,13.6,0,"No","Si","Alto","No"
129,15.3,77.4,3.3,0,"Si","No","Alto","No"
130,11.8,76.2,7.5,5,"No","Si","Alto","Si"
131,14.7,91.2,8.2,0,"No","No","Medio","No"
132,18.9,86.9,15.3,1,"No","Si","Medio","No"
133,13.1,77.5,2.9,0,"No","No","Medio","No"
134,12.5,73.6,12.3,0,"No","Si","Medio","Si"
135,14.7,82.6,6.7,1,"No","Si","Bajo","Si"
136,16.2,87.7,8.2,0,"No","Si","Bajo","No"
137,11,88.6,12.5,0,"No","No","Bajo","No"
138,16.7,79.9,11.4,2,"No","No","Medio","No"
139,13.7,63,9.1,2,"Si","No","Medio","No"
140,13.5,72,6.3,1,"No","No","Bajo","No"
141,15.7,65.8,10.8,0,"No","No","Alto","No"
142,12.8,77,2.7,0,"No","Si","Medio","Si"
143,16.1,86.4,7.1,0,"Si","Si","Medio","No"
144,15,78.2,8.8,0,"Si","Si","Bajo","Si"
145,16.4,62.8,10.9,0,"No","No","Bajo","No"
146,13.4,80.6,7.1,0,"No","Si","Alto","No"
147,13.2,44.7,13.7,2,"No","No","Bajo","Si"
148,11,74.5,15.8,0,"No","No","Medio","No"
149,11.3,90.9,2,1,"Si","No","Bajo","Si"
150,13.4,86.3,11.8,0,"No","Si","Medio","No"
151,11,89.8,7.5,3,"No","Si","Medio","Si"
152,15.2,98.6,9.8,0,"No","Si","Medio","No"
153,9.9,79.7,15.9,1,"Si","No","Alto","No"
154,15.8,92.4,8.4,0,"No","Si","Medio","No"
155,11.4,77.9,14.5,1,"No","No","Bajo","Si"
156,12.5,76.3,7,0,"No","No","Medio","No"
157,11.3,73.5,9.5,2,"Si","Si","Medio","Si"
158,13.7,82.7,5.4,0,"No","Si","Medio","Si"
159,14.9,87.2,13,0,"Si","Si","Bajo","Si"
160,14.6,73.9,8.8,0,"Si","No","Medio","No"
161,14.6,84.3,8.7,0,"Si","Si","Medio","No"
162,15,68.9,10.8,1,"Si","Si","Bajo","No"
163,12.3,100,5.9,1,"Si","Si","Alto","No"
164,13.3,97.4,7.8,1,"No","Si","Medio","No"
165,19.1,72.8,3.6,0,"Si","No","Alto","No"
166,14.5,78.2,12.2,0,"No","Si","Bajo","No"
167,15.4,66.9,23.2,0,"No","No","Medio","No"
168,12.6,62.4,18.5,1,"No","Si","Bajo","Si"
169,10.4,77.6,17,0,"Si","Si","Bajo","Si"
170,11.1,94.5,6,2,"No","Si","Medio","Si"
171,18.2,88.5,18.9,2,"Si","No","Alto","No"
172,14.1,70.5,17.7,0,"Si","Si","Bajo","No"
173,11.3,78.3,17.5,4,"No","No","Medio","Si"
174,12.6,65.2,16.3,1,"No","Si","Alto","No"
175,13,66.2,14.5,0,"No","No","Medio","Si"
176,17.4,91.4,14.2,1,"No","Si","Bajo","No"
177,14,85.5,10.8,0,"No","Si","Medio","No"
178,14.2,76,17.1,0,"No","Si","Medio","No"
179,13.2,95.3,6,0,"No","No","Bajo","No"
180,14.2,62.8,7.9,0,"No","Si","Bajo","No"
181,14.9,82.3,5.9,0,"No","Si","Medio","Si"
182,13.7,85.4,4.6,1,"Si","Si","Alto","No"
183,13.3,79.2,9.2,1,"Si","No","Medio","Si"
184,13.9,77.9,8.1,2,"No","No","Bajo","No"
185,13.6,69.9,5.9,0,"No","Si","Medio","Si"
186,11.5,81.4,1.5,1,"No","Si","Alto","No"
187,12.6,80.8,8.9,0,"No","Si","Bajo","No"
188,11.9,99,16.2,1,"Si","No","Bajo","No"
189,11.7,84,19.3,0,"Si","No","Bajo","No"
190,10.1,100,5.6,3,"No","Si","Medio","Si"
191,17.2,77.3,15.3,1,"No","Si","Medio","Si"
192,14.4,66.2,9.1,0,"No","No","Medio","No"
193,15.4,68.4,6.6,0,"No","Si","Medio","No"
194,15,81.8,7.7,2,"Si","No","Medio","No"
195,11.8,53.6,6.7,1,"No","Si","Medio","Si"
196,13.3,100,11.5,1,"No","No","Medio","No"
197,10.8,83.2,6.2,3,"No","No","Bajo","Si"
198,9.7,93,4.8,0,"No","No","Bajo","No"
199,13.6,61,8.6,0,"No","Si","Alto","No"
200,14.2,93.7,5.3,2,"No","No","Alto","No"
201,14.5,90.8,11,0,"No","No","Alto","No"
202,15.8,73,18,0,"No","Si","Medio","Si"
203,8.6,84.5,12.7,2,"Si","No","Bajo","Si"
204,13.3,74.3,9,0,"No","Si","Medio","Si"
205,11.4,84.3,22.1,2,"No","Si","Alto","Si"
206,13.3,66.1,13.2,1,"No","Si","Medio","Si"
207,16.2,49.7,3.1,1,"No","No","Bajo","No"
208,13,76.3,4.5,1,"No","No","Medio","Si"
209,13.9,93.2,6.6,0,"Si","No","Medio","No"
210,12.8,57.5,9.6,1,"Si","Si","Alto","No"
211,11,78.2,15.1,3,"Si","Si","Bajo","Si"
212,12,84.6,17.4,0,"No","Si","Alto","No"
213,10.3,82.3,15.2,1,"No","No","Medio","No"
214,9.8,65.9,12.2,2,"No","Si","Bajo","Si"
215,13.4,66.2,5.6,1,"Si","No","Alto","No"
216,16.1,73.7,10.6,1,"No","Si","Bajo","Si"
217,12.5,92.8,9.3,0,"No","Si","Medio","No"
218,12.2,83.7,1.4,0,"No","No","Alto","Si"
219,12.7,70.5,10.2,1,"Si","Si","Medio","No"
220,15.6,81.7,2.2,0,"No","Si","Medio","Si"
221,13.3,84.4,17.3,3,"Si","No","Medio","No"
222,14.9,75.6,5.3,1,"Si","No","Bajo","No"
223,18.9,78.5,12.6,1,"Si","Si","Alto","No"
224,15.7,80.2,7,1,"No","Si","Bajo","Si"
225,13.6,81.8,10.5,0,"Si","No","Medio","No"
226,16.6,75.8,7.2,0,"No","Si","Alto","No"
227,12.9,94.6,10.4,0,"Si","No","Bajo","No"
228,14.6,75.8,10.8,0,"Si","Si","Alto","No"
229,12,92.3,19.1,1,"No","No","Medio","No"
230,11.1,90,8.8,4,"No","No","Bajo","Si"
231,12.8,85.1,8.6,0,"No","No","Medio","No"
232,10.7,79.2,12.1,0,"No","No","Medio","No"
233,16.1,69.3,20,0,"No","Si","Alto","No"
234,12,73,5,1,"No","No","Medio","Si"
235,18.4,93.4,10.5,0,"Si","No","Bajo","No"
236,16.4,92.6,26,2,"No","Si","Alto","Si"
237,17.9,69.9,11.2,2,"Si","No","Medio","No"
238,9.1,100,10.6,1,"No","No","Medio","No"
239,12.6,69.4,7.4,1,"No","No","Alto","No"
240,14.9,59.3,7.1,1,"No","Si","Alto","No"
241,13.6,59.3,7.2,0,"Si","No","Medio","No"
242,8.1,67.4,8.4,1,"No","No","Medio","Si"
243,14.9,82.7,14.7,0,"No","No","Medio","Si"
244,11.2,84.9,9.2,0,"No","No","Medio","No"
245,14.4,84.3,3.5,1,"No","No","Medio","No"
246,18,73.9,13,1,"No","No","Medio","No"
247,14.7,81.9,3.4,0,"No","Si","Medio","No"
248,10.8,94.3,7.8,0,"No","No","Alto","No"
249,14.6,84.8,4.2,0,"No","No","Medio","No"
250,12.1,71.4,4.1,0,"No","Si","Bajo","No"
251,15.5,92.1,8.6,1,"No","Si","Bajo","No"
252,15.7,64.6,8.9,2,"No","No","Medio","No"
253,12.7,73,6.4,2,"No","No","Medio","No"
254,18.4,51.6,9,0,"No","Si","Bajo","No"
255,14.4,75.5,7.1,1,"No","No","Medio","Si"
256,15.1,55.7,7,1,"No","Si","Medio","Si"
257,15.6,91.8,10.4,1,"No","No","Medio","No"
258,17.8,93.4,2.7,0,"No","No","Medio","No"
259,16.2,64.5,13.4,0,"Si","No","Bajo","No"
260,14.2,68.5,6.6,1,"No","No","Medio","Si"
261,14.5,64.4,15.7,1,"No","Si","Medio","No"
262,13.2,71.7,6.3,0,"Si","No","Medio","No"
263,16.5,96.2,12.4,1,"No","No","Bajo","No"
264,13.7,93.5,17.1,0,"Si","No","Bajo","No"
265,13.4,76.5,24.1,2,"No","No","Medio","Si"
266,13.8,78.1,2.7,1,"No","No","Bajo","Si"
267,11.7,74.7,10.7,0,"Si","Si","Bajo","No"
268,15.2,81,5.7,0,"No","No","Medio","Si"
269,13.4,74,2.2,0,"No","No","Alto","No"
270,10.6,79.9,1.3,0,"No","Si","Alto","Si"
271,14.3,78.7,10.8,0,"No","Si","Medio","No"
272,15.2,99.7,5.9,2,"Si","No","Medio","No"
273,11.6,63.5,9,2,"No","No","Medio","No"
274,13.4,87.5,9.9,0,"Si","Si","Medio","No"
275,10.6,83,7.8,2,"No","No","Bajo","Si"
276,11.8,72.1,17.8,0,"No","No","Bajo","No"
277,15.5,74.7,13.1,0,"No","Si","Bajo","Si"
278,10.9,91.7,7,0,"No","No","Medio","No"
279,13.9,80,5.6,0,"Si","No","Medio","No"
280,15.9,89.5,5.5,1,"Si","Si","Alto","No"
281,13.1,81.2,13.8,0,"No","No","Bajo","No"
282,13,62.4,2.5,1,"Si","Si","Bajo","Si"
283,11.5,77.9,14.7,0,"No","Si","Medio","No"
284,14.6,100,20.8,2,"No","Si","Bajo","Si"
285,11.5,67.4,7.7,2,"No","Si","Medio","Si"
286,13.3,98.1,15.9,1,"No","No","Medio","Si"
287,14.1,90.2,6.6,0,"No","No","Alto","No"
288,12.7,87.9,4.2,0,"No","No","Alto","Si"
289,12.7,82.9,19.9,0,"No","Si","Alto","No"
290,16.3,91.6,11.2,0,"Si","No","Medio","No"
291,16.8,85.2,8.7,1,"No","Si","Bajo","No"
292,18.8,89.1,5.5,0,"Si","No","Alto","No"
293,12.5,67.2,5.1,0,"No","Si","Alto","Si"
294,15,69.9,3.5,0,"No","No","Bajo","Si"
295,14.7,89.8,11.5,0,"Si","Si","Bajo","No"
296,12,66.7,10.3,0,"No","Si","Medio","Si"
297,12.6,77.3,5.1,3,"No","Si","Alto","No"
298,13.9,100,7.2,0,"Si","Si","Bajo","No"
299,12.6,73.8,11.7,1,"Si","No","Alto","No"
300,14.3,82,7.9,1,"No","Si","Medio","Si"
301,12.1,100,4.5,0,"Si","Si","Medio","No"
302,19.1,100,9.2,0,"No","Si","Bajo","No"
303,10.8,69.9,6.2,4,"No","No","Bajo","Si"
304,15.2,77.5,9.8,1,"Si","No","Bajo","No"
305,13.3,91.9,18.4,0,"Si","Si","Alto","No"
306,15.8,87.6,8.3,0,"No","No","Medio","No"
307,18,71.4,7.8,0,"No","No","Alto","No"
308,16.3,77.2,7.6,0,"Si","Si","Bajo","No"
309,12.2,83.7,12.7,0,"Si","No","Medio","No"
310,13.9,75.9,8,0,"No","No","Alto","Si"
311,11.9,88.3,16.9,1,"No","Si","Medio","No"
312,10.4,87.8,12.7,3,"No","No","Medio","Si"
313,18,86.8,10.5,4,"No","Si","Bajo","Si"
314,14.5,93.7,3,1,"No","No","Medio","No"
315,14.1,63.7,6.1,1,"Si","No","Medio","No"
316,12.3,80.1,6.4,0,"Si","No","Medio","Si"
317,14.3,74.4,10.9,0,"No","No","Medio","No"
318,13.4,75.7,14.2,0,"Si","No","Alto","No"
319,10.7,64.4,12.8,0,"No","No","Bajo","No"
320,11.6,72,19.6,1,"Si","No","Medio","Si"
321,13.2,68,15.5,0,"No","No","Alto","No"
322,11.7,70.7,8,0,"No","Si","Bajo","Si"
323,17.1,65.2,21.1,0,"No","No","Bajo","No"
324,11.1,100,10.7,1,"No","No","Alto","No"
325,11.8,100,16.9,0,"No","No","Bajo","Si"
326,12.7,78.3,4.7,0,"No","No","Medio","Si"
327,13.1,77.6,4.3,2,"Si","Si","Alto","Si"
328,11.4,90.8,19.1,2,"No","Si","Alto","No"
329,13.2,83.4,16.8,0,"No","Si","Medio","No"
330,13.4,75.7,8.2,0,"No","No","Medio","Si"
331,11.7,67.1,6.1,2,"No","No","Medio","No"
332,15.4,59.4,10.4,0,"No","No","Alto","No"
333,12.3,78.3,16.1,0,"No","Si","Bajo","No"
334,12,93.4,3.7,2,"No","Si","Bajo","No"
335,11.3,73.6,10,2,"No","No","Medio","No"
336,12.9,96.3,14.3,0,"No","Si","Bajo","No"
337,11.6,76.9,7.3,1,"No","No","Alto","Si"
338,12.1,85.8,12.2,0,"No","No","Alto","No"
339,13,82.2,8.2,0,"No","No","Alto","No"
340,13.7,83,21.3,2,"No","No","Alto","No"
341,14,75.3,7.4,2,"No","Si","Medio","No"
342,15.6,81.9,5.3,0,"Si","No","Bajo","No"
343,16.4,53.5,13,2,"No","Si","Alto","Si"
344,13.5,74.9,7.8,0,"No","No","Alto","Si"
345,14.5,90,13.3,1,"No","No","Medio","No"
346,14.2,79,9.4,1,"No","No","Medio","Si"
347,11.1,73,4.6,0,"No","No","Bajo","No"
348,14.4,97.7,13.7,0,"Si","Si","Medio","No"
349,12.8,65.9,5,1,"No","Si","Bajo","No"
350,16.8,76.7,7.4,2,"Si","No","Bajo","Si"
351,13,79.4,4.5,0,"Si","Si","Alto","No"
352,15.8,61.1,6,0,"Si","Si","Bajo","Si"
353,12.2,94.4,4.6,0,"No","No","Alto","No"
354,8.2,92.8,12.9,4,"Si","Si","Bajo","No"
355,15.8,67.3,17.3,0,"Si","Si","Bajo","No"
356,17.1,76.4,6.6,3,"No","No","Medio","Si"
357,11.1,83.1,8.8,1,"Si","No","Bajo","Si"
358,10.1,100,9.4,0,"Si","Si","Alto","No"
359,12.6,67.2,10.3,1,"No","No","Medio","No"
360,11.8,77.2,5.9,3,"Si","No","Bajo","Si"
361,19,74,12.3,0,"No","Si","Bajo","No"
362,13.9,86.8,3,0,"Si","No","Medio","No"
363,12.9,91,6.9,3,"No","No","Bajo","No"
364,17,82.1,4.7,0,"No","Si","Bajo","Si"
365,12.6,69.8,9.5,0,"No","No","Bajo","No"
366,13.7,90,8.2,0,"Si","No","Alto","No"
367,14.4,90.7,10.3,1,"Si","Si","Medio","Si"
368,11.9,78.8,4.5,3,"No","No","Bajo","Si"
369,13.3,80.5,4.4,1,"No","Si","Medio","No"
370,14.2,79.1,11.7,0,"Si","No","Bajo","No"
371,13.9,89.6,15.4,0,"Si","Si","Bajo","No"
372,15.4,81.4,9,0,"Si","Si","Alto","No"
373,14.6,86.3,14.7,0,"No","Si","Alto","No"
374,14.1,91.8,14.3,2,"No","No","Medio","No"
375,11.7,95.7,14.1,2,"No","Si","Medio","No"
376,14.9,78.1,7.5,0,"Si","No","Bajo","No"
377,15.6,82.6,7.5,0,"No","Si","Medio","No"
378,13.3,78.2,6.3,2,"No","No","Medio","No"
379,11,100,14.4,3,"No","Si","Bajo","Si"
380,13.2,70.9,9,0,"Si","Si","Medio","Si"
381,12.9,95.8,16.1,0,"No","No","Medio","No"
382,14.6,84.6,6.6,0,"Si","Si","Medio","No"
383,14,90,14.8,0,"No","Si","Medio","No"
384,10.5,82.7,9.6,1,"No","Si","Bajo","Si"
385,18.1,89.1,3.8,0,"No","No","Bajo","No"
386,10.6,75.9,14.2,3,"Si","Si","Medio","No"
387,13.7,81.8,7.2,0,"No","No","Alto","No"
388,16.5,74.2,6.8,2,"Si","No","Bajo","Si"
389,10.2,86.3,3,1,"No","Si","Alto","No"
390,14.2,91.9,4.9,0,"No","No","Medio","Si"
391,15.3,56.7,10.3,1,"Si","No","Bajo","Si"
392,12.9,100,27.9,0,"Si","No","Medio","No"
393,10.5,97.5,34.8,3,"Si","Si","Alto","No"
394,11.9,83.2,13.4,2,"No","Si","Medio","No"
395,15.7,91,8.1,0,"No","Si","Bajo","No"
396,12.5,65.6,8.2,0,"No","No","Alto","No"
397,12.9,86.7,9.3,0,"No","Si","Alto","No"
398,14,63.5,10,3,"No","No","Alto","No"
399,15.6,75.6,6.9,0,"No","No","Medio","No"
400,13,56.5,4.6,0,"No","No","Bajo","No"
401,16.2,77.2,6.6,1,"Si","Si","Bajo","Si"
402,11.3,68.8,7.6,0,"Si","Si","Alto","No"
403,14,84.5,8.6,0,"No","No","Bajo","No"
404,18.3,71.4,8.7,0,"No","No","Alto","No"
405,13.8,68.5,15.3,1,"No","No","Medio","No"
406,14.4,83.3,7.8,1,"No","No","Medio","No"
407,13.7,74.9,17.5,0,"No","Si","Bajo","No"
408,18.4,87.3,8.3,0,"No","No","Bajo","No"
409,12.4,90.2,5.8,1,"No","Si","Alto","Si"
410,12.7,84.4,14.1,2,"No","Si","Bajo","Si"
411,12.5,74.6,11.5,0,"No","No","Medio","No"
412,12.3,85.6,1.4,0,"No","Si","Medio","No"
413,14.3,64.1,7.7,0,"No","No","Medio","No"
414,18.6,79,13.8,0,"No","No","Bajo","No"
415,15.4,51.8,6.7,0,"Si","No","Bajo","No"
416,12.7,97.9,8.1,0,"No","No","Alto","Si"
417,13.8,90.4,8.3,0,"No","No","Alto","No"
418,12.1,88.9,13.8,0,"No","Si","Medio","No"
419,13.9,76,17.5,2,"No","Si","Bajo","No"
420,15.8,97.1,8.3,1,"No","No","Medio","No"
421,12,70.9,16.6,1,"Si","No","Medio","No"
422,9.5,53,11.4,0,"No","Si","Alto","Si"
423,13.2,72.9,8,0,"Si","No","Bajo","No"
424,13.1,86.7,6.5,0,"No","Si","Alto","No"
425,13.3,81.4,5.7,0,"No","No","Medio","No"
426,16,92.1,12.6,2,"Si","No","Alto","No"
427,15.3,98.7,10,0,"No","Si","Medio","Si"
428,12.9,90.7,3.9,0,"No","No","Medio","No"
429,16,72.3,5.6,0,"No","No","Bajo","No"
430,15,74.2,8.6,0,"No","Si","Alto","No"
431,12.3,78.9,9,0,"No","No","Bajo","Si"
432,17.6,73.7,3.7,0,"Si","No","Medio","No"
433,14.2,82.9,11.1,0,"No","Si","Bajo","No"
434,12.2,91.4,18.7,3,"No","Si","Bajo","Si"
435,12.5,72.3,6,2,"No","Si","Bajo","Si"
436,15.1,82.6,12.8,1,"Si","No","Alto","No"
437,11,61.1,14.7,0,"No","No","Medio","Si"
438,13.3,81.9,10.3,0,"No","No","Alto","No"
439,11.7,68.1,15.9,2,"No","Si","Alto","Si"
440,16.2,84.8,13.1,0,"Si","Si","Bajo","No"
441,14.5,89.6,8.6,0,"No","Si","Medio","No"
442,18.9,71.7,9.9,0,"No","Si","Bajo","Si"
443,13.6,76.2,4.3,1,"No","Si","Alto","Si"
444,13.2,75.3,10.4,0,"Si","No","Medio","No"
445,9.9,83.9,5.9,3,"Si","Si","Bajo","Si"
446,9.8,84,14,0,"Si","No","Alto","No"
447,14,61.7,14.7,0,"No","No","Bajo","No"
448,14.3,70.1,7.9,2,"Si","No","Bajo","No"
449,14.9,91.4,24.1,2,"Si","No","Bajo","No"
450,11.7,81.7,8,1,"Si","No","Medio","No"
451,19.1,82.6,17.3,0,"Si","No","Bajo","Si"
452,13.1,72.8,9,0,"No","Si","Bajo","No"
453,15.1,67.3,5.9,0,"No","No","Bajo","Si"
454,11.2,59.7,5.5,2,"Si","No","Medio","Si"
455,12.8,81.2,14,0,"No","Si","Bajo","No"
456,13.6,84.2,4.9,1,"Si","Si","Medio","No"
457,16.2,100,2.5,0,"Si","Si","Medio","No"
458,12.9,95.1,4.7,0,"No","No","Bajo","No"
459,17.2,67.1,12.1,1,"No","Si","Bajo","No"
460,16.5,80.4,5.4,0,"No","No","Alto","No"
461,14.5,89.4,22.3,0,"No","No","Alto","No"
462,16.6,84.2,21,0,"No","No","Medio","No"
463,13.2,84.5,6.9,1,"Si","Si","Bajo","No"
464,11.9,74.4,9.6,1,"No","No","Medio","No"
465,13.1,83.4,12.1,0,"No","No","Medio","No"
466,12.7,75.6,11.4,1,"Si","Si","Medio","No"
467,17.4,67.8,3.6,0,"No","Si","Medio","No"
468,12.3,69.1,8.7,0,"No","Si","Bajo","No"
469,14.9,88.6,3.4,0,"Si","Si","Bajo","No"
470,14.4,89.6,8.5,3,"No","Si","Medio","Si"
471,15.3,93,5.8,1,"No","Si","Bajo","No"
472,11.6,65,6.2,2,"Si","Si","Medio","Si"
473,18.1,88.5,22.1,1,"No","Si","Bajo","No"
474,17.5,100,11.2,0,"No","No","Medio","No"
475,7.6,77.6,4.2,2,"No","Si","Medio","Si"
476,14.3,88.4,23.3,0,"No","Si","Medio","No"
477,16.8,71.9,16.7,0,"Si","No","Bajo","No"
478,16.7,81.9,20.4,0,"No","Si","Bajo","No"
479,14.5,92.3,17.7,1,"Si","No","Medio","No"
480,13.5,83.6,21.6,0,"No","Si","Alto","No"
481,13.6,80.2,22.1,1,"No","No","Bajo","No"
482,10.9,80.1,3.2,0,"Si","No","Bajo","Si"
483,11.8,83.5,5.7,3,"No","Si","Alto","Si"
484,11.9,69.8,15.7,3,"No","No","Medio","No"
485,16.8,73.7,7.9,1,"No","No","Alto","No"
486,14.7,81.4,10.3,1,"No","No","Medio","Si"
487,14.4,61.4,8.8,1,"No","No","Alto","No"
488,12.8,73.7,5.5,0,"No","Si","Bajo","No"
489,10.7,100,11.5,1,"No","Si","Medio","No"
490,13.4,83,3.5,0,"No","No","Medio","No"
491,11.2,73.3,9.2,4,"No","Si","Alto","No"
492,11.8,95.4,4.8,2,"No","No","Alto","No"
493,14.1,69.3,13.6,1,"No","No","Medio","No"
494,18.8,81.3,6.4,2,"No","No","Bajo","No"
495,12.2,96.5,13.6,0,"Si","Si","Bajo","No"
496,14.6,92.5,9.5,1,"No","Si","Alto","Si"
497,9.3,86.2,13.8,2,"No","No","Medio","Si"
498,15.5,83.3,13.4,1,"No","Si","Alto","No"
499,14.5,70,11.6,1,"No","Si","Bajo","No"
500,14.9,72,5.2,2,"No","No","Alto","Si"
501,9.9,87.8,11.5,2,"No","Si","Alto","No"
502,12.4,100,10.2,0,"No","Si","Medio","No"
503,11.1,81.7,7.1,1,"Si","Si","Bajo","No"
504,8.7,92.8,11.5,0,"No","No","Medio","Si"
505,8.2,68.8,5.4,1,"Si","No","Alto","No"
506,10.5,78.5,19.5,3,"Si","No","Medio","No"
507,9.6,71.5,7.5,2,"No","Si","Medio","Si"
508,14.6,90.7,9.6,0,"No","No","Bajo","Si"
509,14.7,71.4,9.2,1,"No","No","Bajo","No"
510,12.4,79.9,3.9,0,"Si","No","Alto","No"
511,11.6,85.2,6.6,0,"No","No","Medio","Si"
512,13.6,88.7,8.9,0,"Si","Si","Medio","No"
513,16.2,80.3,11.2,1,"No","Si","Bajo","Si"
514,12.8,72.5,3.7,0,"No","Si","Alto","Si"
515,13.6,57,8.1,0,"No","No","Medio","No"
516,14.9,72.2,18.5,0,"No","No","Medio","No"
517,14.3,87.9,4.2,0,"No","No","Bajo","No"
518,13.6,86.2,7.1,1,"No","Si","Bajo","No"
519,15,78.6,19.2,0,"No","Si","Medio","No"
520,9.6,79.1,8.5,2,"Si","No","Alto","Si"
521,15.3,77.9,7,0,"No","Si","Medio","No"
522,13.6,69.1,6.5,0,"No","No","Alto","No"
523,15.3,63.6,8,1,"Si","No","Medio","No"
524,14.1,72.9,10.1,0,"Si","Si","Alto","No"
525,14.4,77.8,5.9,0,"No","Si","Bajo","No"
526,11.8,82.8,18.9,3,"No","Si","Bajo","Si"
527,15.2,87.6,4.6,1,"Si","No","Medio","No"
528,13.3,72.2,8,0,"No","Si","Bajo","Si"
529,9,88.4,4.7,0,"No","No","Medio","No"
530,12.3,71.5,5.2,1,"Si","Si","Medio","No"
531,16.3,78.1,6.1,0,"No","No","Bajo","No"
532,11,90.3,3.8,1,"No","Si","Alto","Si"
533,12.9,86.7,27.2,0,"Si","No","Medio","No"
534,16.5,80.8,14.6,1,"No","No","Bajo","No"
535,11.4,78.5,13.6,1,"Si","Si","Bajo","No"
536,11.3,100,7.3,1,"No","Si","Medio","No"
537,10.5,72.6,12.5,0,"No","No","Bajo","No"
538,16.1,81.5,13.6,2,"No","No","Medio","Si"
539,13.7,97.5,8.7,0,"No","No","Alto","No"
540,12.9,84.9,6,0,"No","Si","Bajo","Si"
541,12.5,77.2,5,1,"Si","Si","Alto","No"
542,16.6,76.5,12.5,0,"No","No","Bajo","No"
543,10.8,75.5,8.6,2,"No","No","Medio","No"
544,15.6,72.6,14.3,0,"No","No","Bajo","No"
545,13.1,81.5,7.6,1,"No","No","Medio","Si"
546,15.4,86.3,2.4,0,"No","No","Bajo","Si"
547,13.3,64.8,7.5,1,"No","No","Medio","Si"
548,12.1,64.6,10.7,1,"No","Si","Medio","Si"
549,15.3,82.7,2.9,1,"No","Si","Bajo","Si"
550,12,85.1,15.1,0,"No","Si","Bajo","No"
551,14.6,85.8,9.9,1,"Si","Si","Bajo","Si"
552,17.5,88.1,21.3,1,"No","No","Bajo","No"
553,11.3,64.1,2.3,2,"No","Si","Medio","Si"
554,12.1,84.9,4.1,1,"No","No","Alto","Si"
555,11.4,81.8,18.1,1,"No","Si","Medio","No"
556,11.7,87.3,28.9,1,"Si","No","Bajo","No"
557,15.4,88.2,5.1,1,"No","No","Medio","No"
558,10.9,88.8,14,1,"Si","Si","Bajo","Si"
559,13.1,82.5,6.9,0,"No","No","Bajo","No"
560,9.8,64.8,3.7,4,"No","Si","Alto","Si"
561,11.4,97.6,6.1,2,"No","No","Bajo","No"
562,14.1,64.7,10.2,0,"No","Si","Bajo","Si"
563,16.8,93,6.1,1,"No","Si","Bajo","Si"
564,15.3,71.6,10.7,0,"No","Si","Bajo","No"
565,15.1,69.2,4.9,0,"No","No","Alto","No"
566,14.2,59.2,9.4,1,"Si","No","Medio","No"
567,16.5,82,10.6,1,"No","No","Bajo","Si"
568,14.1,81.9,10.7,0,"No","No","Medio","No"
569,14.8,98.7,11.9,2,"No","No","Bajo","Si"
570,15.2,76.8,7.3,0,"Si","Si","Bajo","No"
571,15.2,83.1,5.3,0,"Si","Si","Medio","No"
572,11.7,83.6,14.9,1,"Si","Si","Bajo","Si"
573,11.8,63.3,10.2,3,"No","No","Medio","No"
574,12.9,73.5,3.3,0,"Si","Si","Medio","Si"
575,18.5,68.6,5.9,0,"Si","No","Bajo","No"
576,12.6,74.1,7,0,"No","No","Medio","No"
577,10.5,87,2.8,4,"No","No","Alto","Si"
578,12.9,74.4,11.9,0,"Si","No","Medio","No"
579,8.6,74.6,4.3,0,"Si","No","Alto","No"
580,12.9,98.8,6.8,0,"No","Si","Bajo","Si"
581,14.8,70.4,8.2,0,"No","No","Medio","No"
582,17.4,51.2,3.6,0,"No","No","Medio","No"
583,15.6,89.7,13,1,"No","Si","Bajo","No"
584,12.3,76.5,7.8,1,"No","Si","Medio","Si"
585,13.9,73,4.3,0,"Si","No","Alto","No"
586,15.2,71.8,7.6,1,"Si","No","Bajo","No"
587,17,85.1,13.2,0,"Si","No","Medio","No"
588,13,81.2,11.9,1,"Si","Si","Bajo","No"
589,12,94.6,15.4,1,"No","Si","Bajo","Si"
590,15.8,84.7,4.3,0,"Si","No","Bajo","No"
591,13.9,91.4,5.4,0,"No","Si","Bajo","Si"
592,16.6,100,3,1,"Si","No","Medio","No"
593,10,99.2,11,1,"No","No","Alto","No"
594,14.9,74.2,4,1,"No","No","Alto","No"
595,13.2,55.3,20.7,0,"Si","No","Medio","No"
596,14.5,72.1,11.5,0,"Si","No","Alto","No"
597,13.3,100,12.9,0,"No","No","Medio","Si"
598,9.4,80.9,6.6,2,"No","No","Bajo","No"
599,15.8,92,7.5,1,"No","Si","Bajo","Si"
600,15,59.6,13.4,0,"No","Si","Bajo","No"
601,12.3,64.6,17.8,0,"Si","No","Bajo","No"
602,11.5,82.7,8.1,1,"No","Si","Bajo","Si"
603,13.6,71.7,7.9,0,"No","No","Medio","Si"
604,14.3,79.3,12,0,"Si","No","Bajo","No"
605,13.7,63.9,6.1,1,"No","No","Medio","Si"
606,15,82.7,14.5,0,"No","Si","Bajo","No"
607,12.5,86,8.3,0,"No","No","Alto","No"
608,12.2,100,9.3,0,"No","No","Medio","Si"
609,12.5,64.8,10.1,0,"Si","No","Alto","No"
610,11,63.4,10.1,0,"No","Si","Alto","No"
611,13.2,81.7,7,2,"Si","No","Bajo","No"
612,15,74.2,7.1,0,"Si","No","Bajo","No"
613,10.7,88.4,3.2,2,"No","No","Bajo","No"
614,11,77.7,20.3,1,"No","Si","Medio","Si"
615,11.1,75.1,8.3,1,"No","No","Bajo","Si"
616,15,100,13.3,0,"No","No","Alto","No"
617,14.6,54.8,7.5,1,"No","Si","Bajo","Si"
618,16.2,65.1,9,1,"Si","No","Medio","No"
619,10.7,82.3,5.4,2,"No","No","Alto","No"
620,12.6,68.3,12,1,"No","Si","Bajo","Si"
621,14.6,85.5,10.9,1,"Si","Si","Bajo","No"
622,15.9,90.6,3.3,0,"No","No","Bajo","No"
623,13.4,81.6,4.2,0,"No","Si","Medio","No"
624,14.7,98.2,13.9,1,"No","Si","Medio","Si"
625,14,84.5,14.3,3,"No","No","Medio","Si"
626,9.6,70.5,2.9,6,"No","Si","Alto","Si"
627,11.9,53.4,6.3,2,"Si","No","Medio","No"
628,15.9,91.7,19.4,0,"No","Si","Bajo","No"
629,13.9,82.7,7.5,2,"No","No","Alto","No"
630,9.8,95.6,12.8,2,"No","No","Bajo","Si"
631,12.4,75.6,10.4,0,"No","No","Medio","No"
632,11.6,100,12.2,1,"No","No","Alto","No"
633,15.2,93.1,6.7,0,"No","Si","Bajo","No"
634,16.1,43.8,15.3,1,"No","No","Medio","No"
635,10.9,86.5,11.3,0,"Si","No","Bajo","No"
636,13.8,63.2,7.7,0,"No","No","Alto","No"
637,13,85,4.9,0,"No","No","Alto","No"
638,16.8,82.3,27.8,0,"No","No","Bajo","No"
639,11.9,69.7,7.4,2,"No","Si","Medio","Si"
640,15.1,67.6,12.2,0,"No","Si","Medio","No"
641,12.9,83,12.5,0,"No","No","Medio","No"
642,11.7,82.4,17.5,2,"No","No","Medio","Si"
643,13.8,90,3.4,0,"No","No","Bajo","No"
644,14.2,70.2,7.5,0,"No","No","Bajo","Si"
645,13,71.9,3.5,1,"No","No","Bajo","No"
646,13.3,94.3,12.8,0,"No","Si","Medio","No"
647,10.5,76.8,3.3,3,"No","No","Medio","Si"
648,10.8,80.3,4.7,3,"No","Si","Bajo","Si"
649,13.2,92,14.9,0,"No","No","Alto","No"
650,15.1,73.2,7.4,0,"Si","Si","Medio","No"
651,11.9,76.8,4.3,1,"No","No","Medio","Si"
652,12.1,86.6,18.2,0,"No","No","Medio","No"
653,12.1,67.7,4.6,1,"No","No","Medio","Si"
654,13.4,77.6,4,0,"No","No","Bajo","No"
655,13.6,69.7,9.8,0,"No","Si","Bajo","No"
656,11.6,93.4,12.3,1,"Si","No","Alto","No"
657,16.6,82.8,7.3,1,"Si","Si","Medio","No"
658,11,80.4,8.1,2,"No","No","Bajo","Si"
659,15.7,73.8,12.1,1,"No","No","Medio","No"
660,19.6,96.5,10.7,2,"No","No","Bajo","No"
661,9,85.7,7.5,3,"No","No","Bajo","Si"
662,14.5,83.5,15.1,2,"No","Si","Bajo","No"
663,15.4,94.2,6.2,2,"No","No","Medio","Si"
664,14.5,87.2,7.5,2,"Si","Si","Bajo","Si"
665,13.7,89.1,6.2,0,"No","Si","Alto","No"
666,12.4,86.8,21.1,0,"Si","No","Medio","No"
667,11.7,91.6,7.1,1,"Si","No","Medio","No"
668,10.9,70.6,6.5,0,"No","No","Bajo","No"
669,11.3,83.5,7.3,2,"Si","No","Alto","No"
670,15.4,70.6,11.7,1,"No","No","Medio","No"
671,15.2,71.1,5.3,1,"No","No","Medio","No"
672,14.8,83.4,4,0,"No","Si","Bajo","No"
673,13.6,76.4,11.5,1,"Si","Si","Alto","No"
674,11.3,78.4,7.6,0,"No","No","Bajo","No"
675,13.7,82.8,11.7,3,"No","No","Medio","No"
676,11.9,80.5,16,2,"Si","Si","Medio","No"
677,17.4,79.1,8.2,0,"No","Si","Bajo","No"
678,14.7,86.3,5.2,1,"No","Si","Medio","Si"
679,16.4,89.7,13.9,0,"No","No","Bajo","No"
680,13.5,80.9,17.2,0,"Si","No","Alto","No"
681,14.7,72.2,8.8,1,"No","No","Medio","No"
682,13.2,85,10.2,1,"No","No","Bajo","No"
683,15.2,92.1,16.5,0,"No","Si","Medio","No"
684,16.2,84.8,5.1,1,"Si","No","Medio","No"
685,13.7,65,4.5,0,"Si","No","Bajo","No"
686,10.5,85.6,11.4,2,"No","Si","Bajo","Si"
687,13.8,93.1,3.4,0,"Si","No","Bajo","No"
688,12.4,100,10.3,1,"No","Si","Medio","No"
689,12.7,53.5,10.4,1,"Si","Si","Bajo","Si"
690,13.6,61.8,13,0,"No","No","Medio","No"
691,12,75.5,13.8,2,"No","Si","Alto","No"
692,14,100,10.5,1,"No","No","Medio","No"
693,15.2,88.5,17.3,0,"No","Si","Medio","No"
694,13.6,76.4,13.1,0,"No","No","Bajo","No"
695,14.1,64.5,13.1,0,"Si","No","Bajo","No"
696,13.8,62.8,4.8,0,"Si","No","Medio","No"
697,10.9,53.1,6.7,1,"Si","No","Medio","Si"
698,13.4,73,11.1,1,"No","No","Alto","No"
699,15,82.8,13.5,0,"No","No","Alto","No"
700,16.8,87.9,14.7,1,"Si","Si","Medio","No"
